cod_ibge,municipio,populacao,renda,n_roubo,n_furto,n_lesao,taxa_roubo_1000,taxa_furto_1000,taxa_lesao_1000
3500105,Adamantina,34687,2796.76,5,211,153,0.144,6.083,4.411
3500204,Adolfo,4351,2302.07,1,24,34,0.23,5.516,7.814
3500303,Aguaí,32072,2239.18,16,425,143,0.499,13.251,4.459
3500402,Águas da Prata,7369,2265.07,3,32,38,0.407,4.343,5.157
3500501,Águas de Lindóia,17930,2506.84,10,74,79,0.558,4.127,4.406
3500550,Águas de Santa Bárbara,7177,2751.65,0,61,37,0,8.499,5.155
3500600,Águas de São Pedro,2780,4025.78,1,40,13,0.36,14.388,4.676
3500709,Agudos,37680,2486.81,6,322,160,0.159,8.546,4.246
3500758,Alambari,6141,2170.13,3,43,16,0.489,7.002,2.605
3500808,Alfredo Marcondes,4445,2261.68,0,31,32,0,6.974,7.199
3500907,Altair,3451,2240.37,0,20,17,0,5.795,4.926
3501004,Altinópolis,16818,2221.97,4,79,53,0.238,4.697,3.151
3501103,Alto Alegre,3841,2123.36,2,25,9,0.521,6.509,2.343
3501152,Alumínio,17301,2628.28,14,192,58,0.809,11.098,3.352
3501202,Álvares Florence,3915,2369.97,0,43,18,0,10.983,4.598
3501301,Álvares Machado,27255,2431.87,3,173,111,0.11,6.347,4.073
3501400,Álvaro de Carvalho,4808,2638.43,1,39,20,0.208,8.111,4.16
3501509,Alvinlândia,2885,2016.82,0,12,13,0,4.159,4.506
3501608,Americana,237240,3602.86,259,2813,764,1.092,11.857,3.22
3501707,Américo Brasiliense,33019,2068.11,22,346,141,0.666,10.479,4.27
3501806,Américo de Campos,5870,2311.5,0,36,27,0,6.133,4.6
3501905,Amparo,68008,2775.46,36,416,276,0.529,6.117,4.058
3502002,Analândia,4589,2570.46,4,47,16,0.872,10.242,3.487
3502101,Andradina,59783,2652.74,14,501,264,0.234,8.38,4.416
3502200,Angatuba,24022,2445.23,5,101,89,0.208,4.204,3.705
3502309,Anhembi,5674,1781.12,9,72,31,1.586,12.689,5.464
3502408,Anhumas,4023,2232.62,0,24,29,0,5.966,7.209
3502507,Aparecida,32569,2114.74,96,650,193,2.948,19.958,5.926
3502606,Aparecida d'Oeste,4086,2080.5,0,22,22,0,5.384,5.384
3502705,Apiaí,24585,1863.85,2,122,95,0.081,4.962,3.864
3502754,Araçariguama,21522,2490.01,37,189,93,1.719,8.782,4.321
3502804,Araçatuba,200124,3275.12,94,2368,919,0.47,11.833,4.592
3502903,Araçoiaba da Serra,32443,3177.38,16,226,102,0.493,6.966,3.144
3503000,Aramina,5420,2494.4,2,41,28,0.369,7.565,5.166
3503109,Arandu,6885,2002.85,1,18,21,0.145,2.614,3.05
3503158,Arapeí,2330,1608.06,0,16,16,0,6.867,6.867
3503208,Araraquara,242228,3399.92,156,3254,1011,0.644,13.434,4.174
3503307,Araras,130866,2973.01,242,1338,624,1.849,10.224,4.768
3503356,Arco-Íris,2044,1825.42,1,10,11,0.489,4.892,5.382
3503406,Arealva,8130,2350.23,1,60,36,0.123,7.38,4.428
3503505,Areias,3577,1797.35,2,26,24,0.559,7.269,6.71
3503604,Areiópolis,10130,2157.78,2,57,33,0.197,5.627,3.258
3503703,Ariranha,7602,2285.09,0,36,30,0,4.736,3.946
3503802,Artur Nogueira,51456,2636.41,36,372,217,0.7,7.229,4.217
3503901,Arujá,86678,3437.98,305,742,403,3.519,8.56,4.649
3503950,Aspásia,1842,2224.15,0,4,7,0,2.172,3.8
3504008,Assis,101409,3000.45,28,1051,489,0.276,10.364,4.822
3504107,Atibaia,158647,3617.52,170,1179,566,1.072,7.432,3.568
3504206,Auriflama,13692,2224.6,4,74,69,0.292,5.405,5.039
3504305,Avaí,4483,2149.77,2,37,30,0.446,8.253,6.692
3504404,Avanhandava,11263,2229.4,2,49,37,0.178,4.351,3.285
3504503,Avaré,92805,2748.18,23,560,451,0.248,6.034,4.86
3504602,Bady Bassitt,27260,2881.68,9,138,91,0.33,5.062,3.338
3504701,Balbinos,3887,1374.94,0,18,55,0,4.631,14.15
3504800,Bálsamo,9596,2396.37,3,69,41,0.313,7.19,4.273
3504909,Bananal,9969,1887.38,1,54,38,0.1,5.417,3.812
3505005,Barão de Antonina,3531,1756.11,0,3,9,0,0.85,2.549
3505104,Barbosa,5640,1810.8,2,26,27,0.355,4.61,4.787
3505203,Bariri,31595,2600.95,13,250,194,0.411,7.913,6.14
3505302,Barra Bonita,34346,2737.76,10,336,93,0.291,9.783,2.708
3505351,Barra do Chapéu,5179,1495.07,1,10,8,0.193,1.931,1.545
3505401,Barra do Turvo,6876,1860.56,13,76,23,1.891,11.053,3.345
3505500,Barretos,122485,2949.11,71,1615,562,0.58,13.185,4.588
3505609,Barrinha,32092,2236.23,17,153,119,0.53,4.768,3.708
3505708,Barueri,316473,4407.39,844,3723,1240,2.667,11.764,3.918
3505807,Bastos,21503,2177.26,5,182,67,0.233,8.464,3.116
3505906,Batatais,58402,2765.89,39,391,183,0.668,6.695,3.133
3506003,Bauru,379146,3299.32,303,5096,1973,0.799,13.441,5.204
3506102,Bebedouro,76373,2775.49,47,564,328,0.615,7.385,4.295
3506201,Bento de Abreu,2606,2389.07,0,15,6,0,5.756,2.302
3506300,Bernardino de Campos,11607,2456.24,1,116,62,0.086,9.994,5.342
3506359,Bertioga,64188,2423.9,277,1047,456,4.315,16.311,7.104
3506409,Bilac,7319,2440.02,0,48,23,0,6.558,3.143
3506508,Birigui,118979,2602.05,49,974,492,0.412,8.186,4.135
3506607,Biritiba Mirim,29683,2004.06,10,176,129,0.337,5.929,4.346
3506706,Boa Esperança do Sul,12978,2070.59,1,93,55,0.077,7.166,4.238
3506805,Bocaina,11259,2222.25,1,83,55,0.089,7.372,4.885
3506904,Bofete,10460,2284.79,3,89,35,0.287,8.509,3.346
3507001,Boituva,61081,3098.92,66,730,243,1.081,11.951,3.978
3507100,Bom Jesus dos Perdões,22006,2479.96,14,175,76,0.636,7.952,3.454
3507159,Bom Sucesso de Itararé,3555,1976.38,0,10,13,0,2.813,3.657
3507209,Borá,907,1995.92,0,9,4,0,9.923,4.41
3507308,Boracéia,4715,2046.74,2,44,38,0.424,9.332,8.059
3507407,Borborema,14226,2389.37,4,104,64,0.281,7.311,4.499
3507456,Borebi,2713,1900.79,1,34,12,0.369,12.532,4.423
3507506,Botucatu,145155,3043.17,35,1378,835,0.241,9.493,5.752
3507605,Bragança Paulista,176811,3111.73,133,1454,673,0.752,8.223,3.806
3507704,Braúna,5356,2027.65,0,12,10,0,2.24,1.867
3507753,Brejo Alegre,2565,1931.09,1,14,8,0.39,5.458,3.119
3507803,Brodowski,25201,2702.69,10,152,92,0.397,6.032,3.651
3507902,Brotas,23898,2550.68,22,184,81,0.921,7.699,3.389
3508009,Buri,20250,2021.38,2,124,82,0.099,6.123,4.049
3508108,Buritama,17210,2572.73,3,124,68,0.174,7.205,3.951
3508207,Buritizal,4356,2691.94,2,46,16,0.459,10.56,3.673
3508306,Cabrália Paulista,4299,1913.91,0,17,14,0,3.954,3.257
3508405,Cabreúva,47011,2513.5,30,317,173,0.638,6.743,3.68
3508504,Caçapava,96202,2689.11,145,910,321,1.507,9.459,3.337
3508603,Cachoeira Paulista,31564,2290.61,30,245,96,0.95,7.762,3.041
3508702,Caconde,17101,2158.44,3,81,61,0.175,4.737,3.567
3508801,Cafelândia,16654,2367.29,8,74,53,0.48,4.443,3.182
3508900,Caiabu,3712,2109.13,0,11,17,0,2.963,4.58
3509007,Caieiras,95032,2831.36,193,591,337,2.031,6.219,3.546
3509106,Caiuá,5466,1854.08,0,10,22,0,1.829,4.025
3509205,Cajamar,92689,3038.67,175,1002,386,1.888,10.81,4.164
3509254,Cajati,28515,2345.98,28,222,120,0.982,7.785,4.208
3509304,Cajobi,9133,2324.1,2,47,45,0.219,5.146,4.927
3509403,Cajuru,23830,2255.68,24,259,103,1.007,10.869,4.322
3509452,Campina do Monte Alegre,5954,2057.24,0,43,27,0,7.222,4.535
3509502,Campinas,1139047,4150.92,4561,20348,4403,4.004,17.864,3.866
3509601,Campo Limpo Paulista,77632,2658.67,193,650,291,2.486,8.373,3.748
3509700,Campos do Jordão,46974,2339.62,43,531,276,0.915,11.304,5.876
3509809,Campos Novos Paulista,4888,2119.07,0,33,9,0,6.751,1.841
3509908,Cananéia,12289,2076.48,4,106,70,0.325,8.626,5.696
3509957,Canas,4931,1936.72,15,51,12,3.042,10.343,2.434
3510005,Cândido Mota,29449,2427.99,3,270,105,0.102,9.168,3.565
3510104,Cândido Rodrigues,2889,2157.59,0,30,10,0,10.384,3.461
3510153,Canitar,6283,2041.71,2,37,34,0.318,5.889,5.411
3510203,Capão Bonito,46337,2090.65,18,295,164,0.388,6.366,3.539
3510302,Capela do Alto,22866,1925.41,18,167,87,0.787,7.303,3.805
3510401,Capivari,50068,2697.78,30,247,209,0.599,4.933,4.174
3510500,Caraguatatuba,134873,2564.44,254,1917,873,1.883,14.213,6.473
3510609,Carapicuíba,386984,2523.5,2476,3579,1329,6.398,9.248,3.434
3510708,Cardoso,11345,2261.09,3,104,76,0.264,9.167,6.699
3510807,Casa Branca,28083,2434.52,12,278,162,0.427,9.899,5.769
3510906,Cássia dos Coqueiros,2799,2135.3,0,18,6,0,6.431,2.144
3511003,Castilho,19977,2425.93,2,115,86,0.1,5.757,4.305
3511102,Catanduva,115791,2912.52,51,962,582,0.44,8.308,5.026
3511201,Catiguá,7003,2332.29,1,26,37,0.143,3.713,5.283
3511300,Cedral,12618,2685.36,0,117,68,0,9.272,5.389
3511409,Cerqueira César,21469,2345.1,7,128,151,0.326,5.962,7.033
3511508,Cerquilho,44695,2801.76,38,298,169,0.85,6.667,3.781
3511607,Cesário Lange,19048,2036.07,11,113,57,0.577,5.932,2.992
3511706,Charqueada,15535,2363.83,13,91,75,0.837,5.858,4.828
3511904,Clementina,6982,2177.22,0,17,27,0,2.435,3.867
3512001,Colina,18486,2407.53,5,83,88,0.27,4.49,4.76
3512100,Colômbia,6629,2102.82,2,71,42,0.302,10.711,6.336
3512209,Conchal,28101,2234.51,22,250,93,0.783,8.896,3.309
3512308,Conchas,15232,2473.8,13,148,71,0.853,9.716,4.661
3512407,Cordeirópolis,24514,2905.78,26,227,120,1.061,9.26,4.895
3512506,Coroados,5400,2177.67,0,43,23,0,7.963,4.259
3512605,Coronel Macedo,4280,2076.63,0,11,19,0,2.57,4.439
3512704,Corumbataí,4195,2321.98,4,42,13,0.954,10.012,3.099
3512803,Cosmópolis,59773,2689.65,84,434,222,1.405,7.261,3.714
3512902,Cosmorama,8719,2156.19,1,56,42,0.115,6.423,4.817
3513009,Cotia,274413,3999.36,1329,2803,983,4.843,10.215,3.582
3513108,Cravinhos,33281,2503.5,21,213,129,0.631,6.4,3.876
3513207,Cristais Paulista,9272,2431.47,7,80,34,0.755,8.628,3.667
3513306,Cruzália,2108,2206.05,0,8,9,0,3.795,4.269
3513405,Cruzeiro,74961,2491.15,72,516,311,0.96,6.884,4.149
3513504,Cubatão,112476,2250.97,456,1286,424,4.054,11.434,3.77
3513603,Cunha,22110,1834.34,8,87,53,0.362,3.935,2.397
3513702,Descalvado,31756,2434.96,29,295,81,0.913,9.29,2.551
3513801,Diadema,393237,2558.89,2663,4378,1338,6.772,11.133,3.403
3513850,Dirce Reis,1620,1950.62,0,7,9,0,4.321,5.556
3513900,Divinolândia,11158,2467.21,1,27,29,0.09,2.42,2.599
3514007,Dobrada,8759,2201.91,1,35,19,0.114,3.996,2.169
3514106,Dois Córregos,24510,2203.43,0,213,89,0,8.69,3.631
3514205,Dolcinópolis,2207,2134.37,0,7,12,0,3.172,5.437
3514304,Dourado,8096,2618.94,0,41,32,0,5.064,3.953
3514403,Dracena,45474,2924.66,7,472,242,0.154,10.38,5.322
3514502,Duartina,12328,2409.23,2,74,50,0.162,6.003,4.056
3514601,Dumont,9471,2601.42,4,47,18,0.422,4.963,1.901
3514700,Echaporã,6205,2233.55,2,36,25,0.322,5.802,4.029
3514809,Eldorado,13069,1869.24,5,83,68,0.383,6.351,5.203
3514908,Elias Fausto,17699,2240.91,14,93,66,0.791,5.255,3.729
3514924,Elisiário,3138,2245.73,0,9,7,0,2.868,2.231
3514957,Embaúba,2323,2065.96,0,9,10,0,3.874,4.305
3515004,Embu das Artes,250691,2236.68,1885,2089,964,7.519,8.333,3.845
3515103,Embu-Guaçu,66970,2475.07,217,510,280,3.24,7.615,4.181
3515129,Emilianópolis,3014,1910.37,0,6,17,0,1.991,5.64
3515152,Engenheiro Coelho,19566,2521.7,13,94,51,0.664,4.804,2.607
3515186,Espírito Santo do Pinhal,39816,2552.07,19,201,148,0.477,5.048,3.717
3515194,Espírito Santo do Turvo,4157,2002.81,3,16,13,0.722,3.849,3.127
3515202,Estrela d'Oeste,9417,2417.57,1,56,53,0.106,5.947,5.628
3515301,Estrela do Norte,2703,2303.2,0,15,18,0,5.549,6.659
3515350,Euclides da Cunha Paulista,7924,1898.13,0,27,50,0,3.407,6.31
3515400,Fartura,16641,2205.49,4,81,87,0.24,4.867,5.228
3515509,Fernandópolis,71186,2849.16,17,494,356,0.239,6.94,5.001
3515608,Fernando Prestes,5942,2273.03,1,43,23,0.168,7.237,3.871
3515657,Fernão,1656,1884.5,2,8,9,1.208,4.831,5.435
3515707,Ferraz de Vasconcelos,179198,2124.43,1018,1767,634,5.681,9.861,3.538
3515806,Flora Rica,1487,2010.89,0,6,10,0,4.035,6.725
3515905,Floreal,2733,2495.68,0,11,19,0,4.025,6.952
3516002,Flórida Paulista,12958,2046.7,0,16,51,0,1.235,3.936
3516101,Florínea,3851,2153.67,0,19,27,0,4.934,7.011
3516200,Franca,352536,2783.95,249,4414,1173,0.706,12.521,3.327
3516309,Francisco Morato,165139,1953.37,648,1250,713,3.924,7.569,4.318
3516408,Franco da Rocha,144849,2467.37,466,1303,735,3.217,8.996,5.074
3516507,Gabriel Monteiro,2763,2280.38,1,17,7,0.362,6.153,2.533
3516606,Gália,6380,2144.79,3,65,56,0.47,10.188,8.777
3516705,Garça,42110,2613.58,9,270,195,0.214,6.412,4.631
3516804,Gastão Vidigal,3252,2316.38,0,25,21,0,7.688,6.458
3516853,Gavião Peixoto,4702,2521.85,2,19,12,0.425,4.041,2.552
3516903,General Salgado,10312,2601.16,2,55,37,0.194,5.334,3.588
3517000,Getulina,10232,2099.2,3,44,50,0.293,4.3,4.887
3517109,Glicério,4138,2187.22,0,36,14,0,8.7,3.383
3517208,Guaiçara,11239,2174.88,2,103,70,0.178,9.165,6.228
3517307,Guaimbê,5512,1885.42,1,50,45,0.181,9.071,8.164
3517406,Guaíra,39279,2682.04,14,271,204,0.356,6.899,5.194
3517505,Guapiaçu,21711,2518.23,5,128,87,0.23,5.896,4.007
3517604,Guapiara,17071,1898.47,6,78,44,0.351,4.569,2.577
3517703,Guará,18606,2302.1,10,212,75,0.537,11.394,4.031
3517802,Guaraçaí,7441,2271.11,0,33,15,0,4.435,2.016
3517901,Guaraci,10350,2294.09,1,74,82,0.097,7.15,7.923
3518008,Guarani d'Oeste,1968,1896.67,1,17,11,0.508,8.638,5.589
3518107,Guarantã,6427,2009.4,3,47,65,0.467,7.313,10.114
3518206,Guararapes,31043,2460.39,13,190,88,0.419,6.121,2.835
3518305,Guararema,31236,2570.66,41,246,180,1.313,7.876,5.763
3518404,Guaratinguetá,118044,2916.78,151,849,403,1.279,7.192,3.414
3518503,Guareí,15013,1995.05,0,54,49,0,3.597,3.264
3518602,Guariba,37498,2299.65,46,206,106,1.227,5.494,2.827
3518701,Guarujá,287634,2409.92,1423,4116,1091,4.947,14.31,3.793
3518800,Guarulhos,1291771,2971.75,6023,17660,4361,4.663,13.671,3.376
3518859,Guatapará,7320,2489.94,3,64,41,0.41,8.743,5.601
3518909,Guzolândia,4246,1928.64,0,19,35,0,4.475,8.243
3519006,Herculândia,9125,2051.25,2,56,36,0.219,6.137,3.945
3519055,Holambra,15094,3991.87,3,99,35,0.199,6.559,2.319
3519071,Hortolândia,236641,2775.67,594,2384,770,2.51,10.074,3.254
3519105,Iacanga,10437,2342.11,4,128,69,0.383,12.264,6.611
3519204,Iacri,6131,2162.83,0,24,21,0,3.915,3.425
3519253,Iaras,8010,2127.3,1,31,32,0.125,3.87,3.995
3519303,Ibaté,32178,2179.64,20,238,139,0.622,7.396,4.32
3519402,Ibirá,11690,2624.15,1,56,41,0.086,4.79,3.507
3519501,Ibirarema,6385,2158.97,1,30,42,0.157,4.699,6.578
3519600,Ibitinga,60033,2167.32,14,646,359,0.233,10.761,5.98
3519709,Ibiúna,75605,2251.47,97,568,350,1.283,7.513,4.629
3519808,Icém,7819,2318.11,3,43,44,0.384,5.499,5.627
3519907,Iepê,7619,2281.92,0,31,28,0,4.069,3.675
3520004,Igaraçu do Tietê,23106,2174.89,7,207,106,0.303,8.959,4.588
3520103,Igarapava,26212,2367.37,13,259,110,0.496,9.881,4.197
3520202,Igaratá,10605,2235.05,23,105,48,2.169,9.901,4.526
3520301,Iguape,29115,2083.83,10,278,152,0.343,9.548,5.221
3520400,Ilhabela,34934,2964.54,20,545,297,0.573,15.601,8.502
3520426,Ilha Comprida,13419,2194,18,355,93,1.341,26.455,6.93
3520442,Ilha Solteira,25549,3096.91,6,286,103,0.235,11.194,4.031
3520509,Indaiatuba,255748,4320.19,145,1647,970,0.567,6.44,3.793
3520608,Indiana,5090,2421.69,0,14,27,0,2.75,5.305
3520707,Indiaporã,4035,2393.21,0,46,24,0,11.4,5.948
3520806,Inúbia Paulista,3615,2082.97,0,4,15,0,1.107,4.149
3520905,Ipaussu,13712,2297.54,0,75,53,0,5.47,3.865
3521002,Iperó,36459,2141.67,20,204,134,0.549,5.595,3.675
3521101,Ipeúna,6831,2525.9,4,47,23,0.586,6.88,3.367
3521150,Ipiguá,6761,2233.73,0,40,35,0,5.916,5.177
3521200,Iporanga,4046,1843.56,1,60,11,0.247,14.829,2.719
3521309,Ipuã,14454,2158.29,13,147,79,0.899,10.17,5.466
3521408,Iracemápolis,21967,2844.85,16,130,88,0.728,5.918,4.006
3521507,Irapuã,6867,2083.34,1,41,36,0.146,5.971,5.242
3521606,Irapuru,7085,2204.63,0,24,46,0,3.387,6.493
3521705,Itaberá,17983,2205.71,3,84,96,0.167,4.671,5.338
3521804,Itaí,25180,2385.91,10,111,104,0.397,4.408,4.13
3521903,Itajobi,16989,2480.78,4,124,72,0.235,7.299,4.238
3522000,Itaju,3618,2170.74,3,19,13,0.829,5.252,3.593
3522109,Itanhaém,112476,2320.88,353,3143,548,3.138,27.944,4.872
3522158,Itaoca,3422,1778.3,0,13,6,0,3.799,1.753
3522208,Itapecerica da Serra,158522,2272.31,1604,1624,546,10.118,10.245,3.444
3522307,Itapetininga,157790,2655.81,105,1504,715,0.665,9.532,4.531
3522406,Itapeva,89728,2415.11,40,600,383,0.446,6.687,4.268
3522505,Itapevi,232297,2268.15,1028,2024,865,4.425,8.713,3.724
3522604,Itapira,72022,2845.05,45,460,234,0.625,6.387,3.249
3522653,Itapirapuã Paulista,4306,1810.99,0,7,11,0,1.626,2.555
3522703,Itápolis,39493,2488.2,13,349,187,0.329,8.837,4.735
3522802,Itaporanga,14085,2112.71,2,62,48,0.142,4.402,3.408
3522901,Itapuí,13659,2141.98,3,112,81,0.22,8.2,5.93
3523008,Itapura,3979,2029.97,0,36,22,0,9.047,5.529
3523107,Itaquaquecetuba,369275,2027.38,2295,3366,1180,6.215,9.115,3.195
3523206,Itararé,44438,2209.6,20,238,248,0.45,5.356,5.581
3523305,Itariri,15528,1803.58,8,134,81,0.515,8.63,5.216
3523404,Itatiba,121590,3547.97,176,776,369,1.447,6.382,3.035
3523503,Itatinga,19070,2268.89,8,116,78,0.42,6.083,4.09
3523602,Itirapina,16148,2455.67,8,129,66,0.495,7.989,4.087
3523701,Itirapuã,5779,1821.13,4,42,22,0.692,7.268,3.807
3523800,Itobi,8046,2056.6,3,37,42,0.373,4.599,5.22
3523909,Itu,168240,3008.67,169,1578,532,1.005,9.379,3.162
3524006,Itupeva,70616,3472.49,76,478,251,1.076,6.769,3.554
3524105,Ituverava,37571,2693.11,29,339,123,0.772,9.023,3.274
3524204,Jaborandi,6221,2353.34,1,23,27,0.161,3.697,4.34
3524303,Jaboticabal,71821,3033.73,85,690,244,1.183,9.607,3.397
3524402,Jacareí,240275,2993.49,292,1887,878,1.215,7.854,3.654
3524501,Jaci,7613,2238.97,0,37,30,0,4.86,3.941
3524600,Jacupiranga,16097,2219.35,6,86,63,0.373,5.343,3.914
3524709,Jaguariúna,59347,3503.02,79,766,184,1.331,12.907,3.1
3524808,Jales,48776,3065.55,15,368,240,0.308,7.545,4.92
3524907,Jambeiro,6397,2662.77,2,64,27,0.313,10.005,4.221
3525003,Jandira,118045,2789.51,285,864,434,2.414,7.319,3.677
3525102,Jardinópolis,45282,2574.35,79,430,145,1.745,9.496,3.202
3525201,Jarinu,37535,2415.04,46,239,136,1.226,6.367,3.623
3525300,Jaú,133497,2704.08,44,1414,529,0.33,10.592,3.963
3525409,Jeriquara,3863,2405.34,0,33,17,0,8.543,4.401
3525508,Joanópolis,12815,2596.57,4,73,46,0.312,5.696,3.59
3525607,João Ramalho,4371,2162.7,0,17,22,0,3.889,5.033
3525706,José Bonifácio,36633,2560,12,279,163,0.328,7.616,4.45
3525805,Júlio Mesquita,4254,2000.05,0,14,28,0,3.291,6.582
3525854,Jumirim,3056,2291.35,2,18,6,0.654,5.89,1.963
3525904,Jundiaí,443221,4528.24,745,4542,1272,1.681,10.248,2.87
3526001,Junqueirópolis,20448,2562.29,2,67,107,0.098,3.277,5.233
3526100,Juquiá,17154,1934.5,15,227,120,0.874,13.233,6.995
3526209,Juquitiba,27404,1926.41,121,349,138,4.415,12.735,5.036
3526308,Lagoinha,5083,1740.52,1,26,23,0.197,5.115,4.525
3526407,Laranjal Paulista,26261,2450.41,19,129,83,0.724,4.912,3.161
3526506,Lavínia,9689,2294.04,0,15,19,0,1.548,1.961
3526605,Lavrinhas,7171,2037.21,11,42,24,1.534,5.857,3.347
3526704,Leme,98161,2475.39,119,748,457,1.212,7.62,4.656
3526803,Lençóis Paulista,66505,2851.36,20,465,270,0.301,6.992,4.06
3526902,Limeira,291869,3017.07,535,3394,1076,1.833,11.629,3.687
3527009,Lindóia,7014,2695.34,2,35,33,0.285,4.99,4.705
3527108,Lins,74779,2851.64,23,845,445,0.308,11.3,5.951
3527207,Lorena,84855,2621.63,109,493,311,1.285,5.81,3.665
3527256,Lourdes,1950,2124.07,0,11,16,0,5.641,8.205
3527306,Louveira,51847,3398.75,58,343,179,1.119,6.616,3.452
3527405,Lucélia,20061,2229.43,3,72,138,0.15,3.589,6.879
3527504,Lucianópolis,2372,1931.3,0,12,9,0,5.059,3.794
3527603,Luís Antônio,12265,2277.52,13,59,65,1.06,4.81,5.3
3527702,Luiziânia,4701,2043.39,1,17,23,0.213,3.616,4.893
3527801,Lupércio,3981,1979.77,0,18,23,0,4.521,5.777
3527900,Lutécia,2661,2174.72,1,6,13,0.376,2.255,4.885
3528007,Macatuba,16829,2501,4,65,69,0.238,3.862,4.1
3528106,Macaubal,7481,2310.66,0,25,31,0,3.342,4.144
3528205,Macedônia,3963,2192.42,0,10,14,0,2.523,3.533
3528304,Magda,3165,2380.75,1,5,5,0.316,1.58,1.58
3528403,Mairinque,50027,2513.55,64,337,183,1.279,6.736,3.658
3528502,Mairiporã,93853,3094.33,228,832,423,2.429,8.865,4.507
3528601,Manduri,9871,2448.05,0,36,44,0,3.647,4.458
3528700,Marabá Paulista,4573,2101.45,0,7,13,0,1.531,2.843
3528809,Maracaí,12673,2283.23,1,55,53,0.079,4.34,4.182
3528858,Marapoama,3292,2175.63,0,15,26,0,4.557,7.898
3528908,Mariápolis,3513,1988.09,0,16,7,0,4.555,1.993
3529005,Marília,237627,3140.47,87,2916,1019,0.366,12.271,4.288
3529104,Marinópolis,1860,1891.12,0,7,7,0,3.763,3.763
3529203,Martinópolis,24881,2267.92,2,128,127,0.08,5.144,5.104
3529302,Matão,79033,2735.57,45,601,196,0.569,7.604,2.48
3529401,Mauá,418261,2466.2,1699,4366,1235,4.062,10.438,2.953
3529500,Mendonça,6159,2571.32,4,52,46,0.649,8.443,7.469
3529609,Meridiano,4572,2368.51,2,23,18,0.437,5.031,3.937
3529658,Mesópolis,1952,2040.63,0,8,8,0,4.098,4.098
3529708,Miguelópolis,19441,2300.15,21,211,58,1.08,10.853,2.983
3529807,Mineiros do Tietê,11230,2083.34,3,72,36,0.267,6.411,3.206
3529906,Miracatu,18553,1865.34,106,223,84,5.713,12.02,4.528
3530003,Mira Estrela,3126,1926.44,0,23,11,0,7.358,3.519
3530102,Mirandópolis,27983,2638.64,5,148,93,0.179,5.289,3.323
3530201,Mirante do Paranapanema,15917,1910.8,1,146,65,0.063,9.173,4.084
3530300,Mirassol,63337,3266.7,30,510,204,0.474,8.052,3.221
3530409,Mirassolândia,4669,2224.35,0,20,23,0,4.284,4.926
3530508,Mococa,67681,2665.86,41,781,357,0.606,11.539,5.275
3530607,Mogi das Cruzes,451505,3245.15,1008,4694,1826,2.233,10.396,4.044
3530706,Mogi Guaçu,153658,2809.4,200,1606,609,1.302,10.452,3.963
3530805,Mogi Mirim,92558,3277.59,154,1009,343,1.664,10.901,3.706
3530904,Mombuca,3722,2205.25,5,25,23,1.343,6.717,6.179
3531001,Monções,1937,1852.54,0,8,9,0,4.13,4.646
3531100,Mongaguá,61951,2138.21,268,2117,362,4.326,34.172,5.843
3531209,Monte Alegre do Sul,8627,2730.8,0,54,23,0,6.259,2.666
3531308,Monte Alto,47574,2661.29,36,293,134,0.757,6.159,2.817
3531407,Monte Aprazível,22280,2581.69,8,118,96,0.359,5.296,4.309
3531506,Monte Azul Paulista,18151,2714.42,1,86,77,0.055,4.738,4.242
3531605,Monte Castelo,4222,2130.5,0,21,17,0,4.974,4.027
3531704,Monteiro Lobato,4138,2200.04,4,19,9,0.967,4.592,2.175
3531803,Monte Mor,64662,2405.64,83,372,226,1.284,5.753,3.495
3531902,Morro Agudo,27933,2352.06,27,294,125,0.967,10.525,4.475
3532009,Morungaba,13720,2571.35,2,84,42,0.146,6.122,3.061
3532058,Motuca,4034,2315.71,2,19,7,0.496,4.71,1.735
3532108,Murutinga do Sul,3737,2195.83,1,18,16,0.268,4.817,4.282
3532157,Nantes,2660,2356.7,0,14,19,0,5.263,7.143
3532207,Narandiba,5713,2326.93,0,48,46,0,8.402,8.052
3532306,Natividade da Serra,6999,1922.45,3,38,23,0.429,5.429,3.286
3532405,Nazaré Paulista,18217,2115.86,32,153,47,1.757,8.399,2.58
3532504,Neves Paulista,9699,2609.71,1,45,54,0.103,4.64,5.568
3532603,Nhandeara,9852,2397.79,0,39,45,0,3.959,4.568
3532702,Nipoã,4750,2072.98,1,29,31,0.211,6.105,6.526
3532801,Nova Aliança,6693,2347.59,0,22,41,0,3.287,6.126
3532827,Nova Campina,8497,1765.44,4,28,23,0.471,3.295,2.707
3532843,Nova Canaã Paulista,2032,2174.6,1,7,9,0.492,3.445,4.429
3532868,Nova Castilho,1062,2519.22,0,3,2,0,2.825,1.883
3532900,Nova Europa,9311,2412.21,1,52,55,0.107,5.585,5.907
3533007,Nova Granada,19419,2167.69,10,92,89,0.515,4.738,4.583
3533106,Nova Guataporanga,2156,1938.26,0,5,7,0,2.319,3.247
3533205,Nova Independência,4609,2482.4,0,21,33,0,4.556,7.16
3533254,Novais,4412,1972.28,0,9,20,0,2.04,4.533
3533304,Nova Luzitânia,2837,2045.57,0,20,14,0,7.05,4.935
3533403,Nova Odessa,62019,3109.41,64,572,179,1.032,9.223,2.886
3533502,Novo Horizonte,38324,2609.7,4,276,162,0.104,7.202,4.227
3533601,Nuporanga,7391,2671.26,4,36,24,0.541,4.871,3.247
3533700,Ocauçu,4331,2056.79,0,21,11,0,4.849,2.54
3533809,Óleo,2512,2072.56,0,17,1,0,6.768,0.398
3533908,Olímpia,55074,2696.96,18,360,238,0.327,6.537,4.321
3534005,Onda Verde,4771,2228.28,1,38,27,0.21,7.965,5.659
3534104,Oriente,6085,2371.3,1,27,23,0.164,4.437,3.78
3534203,Orindiúva,6024,2448.41,0,27,11,0,4.482,1.826
3534302,Orlândia,38319,2688.73,12,190,132,0.313,4.958,3.445
3534401,Osasco,728615,3342.5,4074,10575,2236,5.591,14.514,3.069
3534500,Oscar Bressane,2470,2152.85,0,17,8,0,6.883,3.239
3534609,Osvaldo Cruz,31272,2627.55,6,167,105,0.192,5.34,3.358
3534708,Ourinhos,103970,2967.38,56,1085,477,0.539,10.436,4.588
3534757,Ouroeste,10294,2806.64,1,77,68,0.097,7.48,6.606
3534807,Ouro Verde,7779,1967.93,0,27,45,0,3.471,5.785
3534906,Pacaembu,14877,2350.71,0,50,50,0,3.361,3.361
3535002,Palestina,11476,2320.55,1,53,44,0.087,4.618,3.834
3535101,Palmares Paulista,9650,2117.41,2,47,57,0.207,4.87,5.907
3535200,Palmeira d'Oeste,8903,2205.1,0,42,26,0,4.718,2.92
3535309,Palmital,19594,2848.62,7,111,64,0.357,5.665,3.266
3535408,Panorama,14964,2159.87,1,130,85,0.067,8.688,5.68
3535507,Paraguaçu Paulista,41120,2483.55,5,355,207,0.122,8.633,5.034
3535606,Paraibuna,17667,2021.62,7,169,72,0.396,9.566,4.075
3535705,Paraíso,6099,2703.81,1,11,15,0.164,1.804,2.459
3535804,Paranapanema,19395,2582.05,6,107,96,0.309,5.517,4.95
3535903,Paranapuã,4031,2382.73,0,16,24,0,3.969,5.954
3536000,Parapuã,10580,2243.49,2,64,43,0.189,6.049,4.064
3536109,Pardinho,7153,2488.97,3,81,23,0.419,11.324,3.215
3536208,Pariquera-Açu,19233,2358.26,7,118,91,0.364,6.135,4.731
3536257,Parisi,2892,1998.64,0,20,23,0,6.916,7.953
3536307,Patrocínio Paulista,14512,2108.84,3,172,76,0.207,11.852,5.237
3536406,Paulicéia,7955,2092.06,0,26,34,0,3.268,4.274
3536505,Paulínia,110537,4504.74,104,1186,478,0.941,10.729,4.324
3536570,Paulistânia,2090,1872.95,0,12,13,0,5.742,6.22
3536604,Paulo de Faria,7400,2193.22,1,24,36,0.135,3.243,4.865
3536703,Pederneiras,44827,2550.75,23,390,214,0.513,8.7,4.774
3536802,Pedra Bela,6557,2116.22,1,21,16,0.153,3.203,2.44
3536901,Pedranópolis,2787,2343.58,0,16,14,0,5.741,5.023
3537008,Pedregulho,15525,2194.93,7,160,75,0.451,10.306,4.831
3537107,Pedreira,43112,2567.33,21,292,151,0.487,6.773,3.503
3537156,Pedrinhas Paulista,2804,2709.23,0,12,5,0,4.28,1.783
3537206,Pedro de Toledo,11281,1933.01,3,122,44,0.266,10.815,3.9
3537305,Penápolis,61679,2676.78,18,562,285,0.292,9.112,4.621
3537404,Pereira Barreto,24095,2517.28,9,175,89,0.374,7.263,3.694
3537503,Pereiras,8737,2105.26,3,58,38,0.343,6.638,4.349
3537602,Peruíbe,68352,2243.73,213,1713,466,3.116,25.061,6.818
3537701,Piacatu,5519,2079.32,0,14,16,0,2.537,2.899
3537800,Piedade,52970,2171.66,44,326,150,0.831,6.154,2.832
3537909,Pilar do Sul,27619,2605.78,3,114,69,0.109,4.128,2.498
3538006,Pindamonhangaba,165428,2672.9,243,1356,588,1.469,8.197,3.554
3538105,Pindorama,14542,2608.38,2,90,73,0.138,6.189,5.02
3538204,Pinhalzinho,15224,2234.21,2,135,55,0.131,8.868,3.613
3538303,Piquerobi,3264,2063.83,0,9,21,0,2.757,6.434
3538501,Piquete,12490,2158.32,5,72,41,0.4,5.765,3.283
3538600,Piracaia,26029,2370.02,9,149,105,0.346,5.724,4.034
3538709,Piracicaba,423323,3416.57,508,4018,1579,1.2,9.492,3.73
3538808,Piraju,29436,2509.17,9,179,148,0.306,6.081,5.028
3538907,Pirajuí,22431,2609.6,3,105,96,0.134,4.681,4.28
3539004,Pirangi,10885,2453.77,0,62,44,0,5.696,4.042
3539103,Pirapora do Bom Jesus,18370,2127.98,9,80,86,0.49,4.355,4.682
3539202,Pirapozinho,25348,2306.71,2,157,131,0.079,6.194,5.168
3539301,Pirassununga,73545,2959.67,39,602,378,0.53,8.185,5.14
3539400,Piratininga,15108,3213.46,3,113,75,0.199,7.479,4.964
3539509,Pitangueiras,33674,2188.2,33,241,106,0.98,7.157,3.148
3539608,Planalto,4389,2121.81,3,33,23,0.684,7.519,5.24
3539707,Platina,3025,2077.7,0,11,13,0,3.636,4.298
3539806,Poá,103765,2497.82,713,1294,384,6.871,12.47,3.701
3539905,Poloni,5592,2292.68,0,24,21,0,4.292,3.755
3540002,Pompéia,20196,2736.25,7,91,45,0.347,4.506,2.228
3540101,Pongaí,3395,2479.65,0,7,12,0,2.062,3.535
3540200,Pontal,37607,2264.33,25,209,95,0.665,5.557,2.526
3540259,Pontalinda,4127,1907.36,0,15,40,0,3.635,9.692
3540309,Pontes Gestal,2387,2183.66,0,10,14,0,4.189,5.865
3540408,Populina,4127,2218.38,1,28,25,0.242,6.785,6.058
3540507,Porangaba,10451,2324.16,3,89,27,0.287,8.516,2.583
3540606,Porto Feliz,56497,2613.45,67,353,176,1.186,6.248,3.115
3540705,Porto Ferreira,52649,2520.89,74,325,222,1.406,6.173,4.217
3540754,Potim,20392,1814.7,6,70,69,0.294,3.433,3.384
3540804,Potirendaba,18496,2574.68,5,141,90,0.27,7.623,4.866
3540853,Pracinha,2578,1843,0,6,6,0,2.327,2.327
3540903,Pradópolis,17078,2582.32,4,98,57,0.234,5.738,3.338
3541000,Praia Grande,349935,3021.85,1845,8015,1666,5.272,22.904,4.761
3541059,Pratânia,5126,2076.26,2,23,31,0.39,4.487,6.048
3541109,Presidente Alves,3804,2208.23,0,17,13,0,4.469,3.417
3541208,Presidente Bernardes,14490,2469.28,0,43,64,0,2.968,4.417
3541307,Presidente Epitácio,39505,2243.38,4,288,150,0.101,7.29,3.797
3541406,Presidente Prudente,225668,3328.9,86,2094,1197,0.381,9.279,5.304
3541505,Presidente Venceslau,35201,2891.63,1,105,155,0.028,2.983,4.403
3541604,Promissão,35131,2454.49,13,232,143,0.37,6.604,4.07
3541653,Quadra,3405,2385.19,3,16,5,0.881,4.699,1.468
3541703,Quatá,13163,2294.22,2,40,59,0.152,3.039,4.482
3541802,Queiroz,3265,2170.9,0,18,30,0,5.513,9.188
3541901,Queluz,9159,1888.26,7,67,50,0.764,7.315,5.459
3542008,Quintana,7038,2254.17,0,29,24,0,4.12,3.41
3542107,Rafard,8965,2518.19,6,42,41,0.669,4.685,4.573
3542206,Rancharia,28588,2283.33,6,218,183,0.21,7.626,6.401
3542305,Redenção da Serra,4494,1824.37,5,48,17,1.113,10.681,3.783
3542404,Regente Feijó,20145,2468.66,3,147,145,0.149,7.297,7.198
3542503,Reginópolis,7662,2405.92,0,16,45,0,2.088,5.873
3542602,Registro,59947,2574.66,32,529,278,0.534,8.824,4.637
3542701,Restinga,6404,1955.09,2,57,48,0.312,8.901,7.495
3542800,Ribeira,3132,1829.53,0,10,11,0,3.193,3.512
3542909,Ribeirão Bonito,10989,2159.31,6,53,44,0.546,4.823,4.004
3543006,Ribeirão Branco,18627,1787.86,9,77,80,0.483,4.134,4.295
3543105,Ribeirão Corrente,4608,1840.29,0,34,15,0,7.378,3.255
3543204,Ribeirão do Sul,4677,2253.49,0,19,11,0,4.062,2.352
3543238,Ribeirão dos Índios,2025,1832.73,0,4,5,0,1.975,2.469
3543253,Ribeirão Grande,7450,1759.68,3,20,18,0.403,2.685,2.416
3543303,Ribeirão Pires,115559,2777.85,237,766,373,2.051,6.629,3.228
3543402,Ribeirão Preto,698642,3871.12,1417,9246,2916,2.028,13.234,4.174
3543501,Riversul,5599,1710.3,2,36,23,0.357,6.43,4.108
3543600,Rifaina,4049,2320.26,0,55,41,0,13.584,10.126
3543709,Rincão,9098,2149.88,0,68,25,0,7.474,2.748
3543808,Rinópolis,9259,2166.45,2,45,24,0.216,4.86,2.592
3543907,Rio Claro,201418,3102.39,289,1780,753,1.435,8.837,3.738
3544004,Rio das Pedras,31328,2617.86,28,216,139,0.894,6.895,4.437
3544103,Rio Grande da Serra,44170,2119.91,51,297,173,1.155,6.724,3.917
3544202,Riolândia,10309,1953.4,1,63,42,0.097,6.111,4.074
3544251,Rosana,17440,2582.11,3,112,87,0.172,6.422,4.989
3544301,Roseira,10832,2261.8,9,81,46,0.831,7.478,4.247
3544400,Rubiácea,2700,1905.97,0,9,14,0,3.333,5.185
3544509,Rubinéia,3833,2190.41,0,13,29,0,3.392,7.566
3544608,Sabino,5112,2175.76,1,45,37,0.196,8.803,7.238
3544707,Sagres,2474,1968.11,0,2,13,0,0.808,5.255
3544806,Sales,6437,2158.12,1,39,40,0.155,6.059,6.214
3544905,Sales Oliveira,11411,2594.47,4,71,41,0.351,6.222,3.593
3545001,Salesópolis,15202,2102.79,9,77,71,0.592,5.065,4.67
3545100,Salmourão,4808,1849.13,1,20,18,0.208,4.16,3.744
3545159,Saltinho,8161,2921.62,12,56,21,1.47,6.862,2.573
3545209,Salto,134319,3134.09,66,861,308,0.491,6.41,2.293
3545308,Salto de Pirapora,43748,2455.23,23,286,162,0.526,6.537,3.703
3545407,Salto Grande,9050,1986.94,7,86,37,0.773,9.503,4.088
3545506,Sandovalina,3645,2089.31,1,22,32,0.274,6.036,8.779
3545605,Santa Adélia,14018,2462.93,1,76,67,0.071,5.422,4.78
3545704,Santa Albertina,6393,2312.71,1,21,30,0.156,3.285,4.693
3545803,Santa Bárbara d'Oeste,183347,2864.47,158,1574,503,0.862,8.585,2.743
3546009,Santa Branca,13975,2180.47,4,93,45,0.286,6.655,3.22
3546108,Santa Clara d'Oeste,2598,2186.62,0,16,18,0,6.159,6.928
3546207,Santa Cruz da Conceição,4277,2633.43,5,36,28,1.169,8.417,6.547
3546256,Santa Cruz da Esperança,2116,2178.11,1,18,8,0.473,8.507,3.781
3546306,Santa Cruz das Palmeiras,28864,2422.12,10,124,83,0.346,4.296,2.876
3546405,Santa Cruz do Rio Pardo,46442,2743.17,12,423,196,0.258,9.108,4.22
3546504,Santa Ernestina,6118,2466.79,4,19,19,0.654,3.106,3.106
3546603,Santa Fé do Sul,34794,2943.53,10,237,173,0.287,6.812,4.972
3546702,Santa Gertrudes,23611,2763.69,14,111,83,0.593,4.701,3.515
3546801,Santa Isabel,53174,2276.55,70,338,200,1.316,6.356,3.761
3546900,Santa Lúcia,7149,2244.96,0,43,15,0,6.015,2.098
3547007,Santa Maria da Serra,5243,2085.37,2,18,31,0.381,3.433,5.913
3547106,Santa Mercedes,2956,2614.19,0,13,14,0,4.398,4.736
3547205,Santana da Ponte Pensa,1670,2405.81,2,10,8,1.198,5.988,4.79
3547304,Santana de Parnaíba,154105,6081.35,144,899,523,0.934,5.834,3.394
3547403,Santa Rita d'Oeste,2733,2057.02,0,6,7,0,2.195,2.561
3547502,Santa Rita do Passa Quatro,24833,2701.79,12,230,69,0.483,9.262,2.779
3547601,Santa Rosa de Viterbo,23411,2600.21,2,133,106,0.085,5.681,4.528
3547650,Santa Salete,1645,2252.62,0,7,8,0,4.255,4.863
3547700,Santo Anastácio,17963,2469.58,2,54,71,0.111,3.006,3.953
3547809,Santo André,748919,4042.61,6108,12576,2119,8.156,16.792,2.829
3547908,Santo Antônio da Alegria,6775,1965.43,3,32,41,0.443,4.723,6.052
3548005,Santo Antônio de Posse,23244,2277.05,17,112,98,0.731,4.818,4.216
3548054,Santo Antônio do Aracanguá,8379,2306.72,0,88,37,0,10.502,4.416
3548104,Santo Antônio do Jardim,6126,2117.41,3,16,23,0.49,2.612,3.754
3548203,Santo Antônio do Pinhal,7133,2416.24,0,56,21,0,7.851,2.944
3548302,Santo Expedito,3000,1852.6,0,8,31,0,2.667,10.333
3548401,Santópolis do Aguapeí,3899,1951.12,1,19,22,0.256,4.873,5.642
3548500,Santos,418608,5010.54,1637,6542,1514,3.911,15.628,3.617
3548609,São Bento do Sapucaí,11674,2509.03,1,44,29,0.086,3.769,2.484
3548708,São Bernardo do Campo,810729,3706,4518,10005,2363,5.573,12.341,2.915
3548807,São Caetano do Sul,165655,6167.1,389,2216,464,2.348,13.377,2.801
3548906,São Carlos,254857,3608.49,250,3278,781,0.981,12.862,3.064
3549003,São Francisco,2602,2260.51,0,6,12,0,2.306,4.612
3549102,São João da Boa Vista,92547,3002.57,25,764,410,0.27,8.255,4.43
3549201,São João das Duas Pontes,2580,2318.8,0,12,12,0,4.651,4.651
3549250,São João de Iracema,1846,2167.97,0,12,14,0,6.501,7.584
3549300,São João do Pau d'Alho,2242,2235.51,0,0,2,0,0,0.892
3549409,São Joaquim da Barra,48558,2498.81,21,291,234,0.432,5.993,4.819
3549508,São José da Bela Vista,7626,1868.76,3,100,39,0.393,13.113,5.114
3549607,São José do Barreiro,3853,1876.34,1,17,22,0.26,4.412,5.71
3549706,São José do Rio Pardo,52205,2422.97,8,363,188,0.153,6.953,3.601
3549805,São José do Rio Preto,480393,3777.03,612,7930,2209,1.274,16.507,4.598
3549904,São José dos Campos,697054,3746.44,707,6081,2309,1.014,8.724,3.313
3549953,São Lourenço da Serra,16067,2334.88,61,129,63,3.797,8.029,3.921
3550001,São Luiz do Paraitinga,10337,2088.94,6,47,33,0.58,4.547,3.192
3550100,São Manuel,37289,2365.46,12,273,241,0.322,7.321,6.463
3550209,São Miguel Arcanjo,32039,2115.93,17,191,78,0.531,5.961,2.435
3550308,São Paulo,11451999,4547.62,108412,288569,40754,9.467,25.198,3.559
3550407,São Pedro,38256,2592.9,19,290,165,0.497,7.581,4.313
3550506,São Pedro do Turvo,7217,2285.54,0,29,47,0,4.018,6.512
3550605,São Roque,79484,3173.16,99,694,299,1.246,8.731,3.762
3550704,São Sebastião,81595,2516.68,115,1041,553,1.409,12.758,6.777
3550803,São Sebastião da Grama,10441,2057.34,0,37,44,0,3.544,4.214
3550902,São Simão,13442,2572.14,17,119,58,1.265,8.853,4.315
3551009,São Vicente,329911,2389.72,2415,5033,1100,7.32,15.256,3.334
3551108,Sarapuí,10369,2324.87,4,88,45,0.386,8.487,4.34
3551207,Sarutaiá,3704,1692.2,1,15,19,0.27,4.05,5.13
3551306,Sebastianópolis do Sul,3130,2525.89,0,16,9,0,5.112,2.875
3551405,Serra Azul,12746,2478.61,4,70,71,0.314,5.492,5.57
3551504,Serrana,43909,2160.57,55,221,172,1.253,5.033,3.917
3551603,Serra Negra,29894,2589.53,9,199,123,0.301,6.657,4.115
3551702,Sertãozinho,126887,2906.1,88,1019,424,0.694,8.031,3.342
3551801,Sete Barras,12730,1713.74,1,82,55,0.079,6.441,4.321
3551900,Severínia,14576,2168.15,2,62,67,0.137,4.254,4.597
3552007,Silveiras,6186,1757.92,3,32,22,0.485,5.173,3.556
3552106,Socorro,40122,2569.33,12,196,118,0.299,4.885,2.941
3552205,Sorocaba,723682,3508.69,1260,11370,2371,1.741,15.711,3.276
3552304,Sud Mennucci,7355,2285.81,0,46,29,0,6.254,3.943
3552403,Sumaré,279545,2791.46,644,2649,893,2.304,9.476,3.194
3552502,Suzano,307429,2557.76,1320,3644,1110,4.294,11.853,3.611
3552551,Suzanápolis,3408,2226.03,0,23,14,0,6.749,4.108
3552601,Tabapuã,11323,2440.42,1,55,42,0.088,4.857,3.709
3552700,Tabatinga,14769,2221.34,6,139,104,0.406,9.412,7.042
3552809,Taboão da Serra,273542,2926.68,1792,2686,901,6.551,9.819,3.294
3552908,Taciba,6260,2192.24,2,22,29,0.319,3.514,4.633
3553005,Taguaí,12669,1938.57,5,61,62,0.395,4.815,4.894
3553104,Taiaçu,5677,1989.79,1,17,29,0.176,2.995,5.108
3553203,Taiúva,6548,2179.72,1,41,20,0.153,6.261,3.054
3553302,Tambaú,21435,2393.4,16,110,109,0.746,5.132,5.085
3553401,Tanabi,25265,2362.63,8,227,123,0.317,8.985,4.868
3553500,Tapiraí,7996,1833.41,3,43,35,0.375,5.378,4.377
3553609,Tapiratiba,11816,2019.78,2,39,40,0.169,3.301,3.385
3553658,Taquaral,2619,2491.32,0,22,13,0,8.4,4.964
3553708,Taquaritinga,52260,2475.38,24,450,275,0.459,8.611,5.262
3553807,Taquarituba,24350,2506.82,7,137,147,0.287,5.626,6.037
3553856,Taquarivaí,6876,2035.19,0,24,34,0,3.49,4.945
3553906,Tarabai,6536,2013.98,2,41,25,0.306,6.273,3.825
3553955,Tarumã,14882,2297.27,1,56,54,0.067,3.763,3.629
3554003,Tatuí,123942,2558.17,115,1020,476,0.928,8.23,3.841
3554102,Taubaté,310739,3130.57,580,3376,1194,1.867,10.864,3.842
3554201,Tejupá,4127,1635.2,0,16,19,0,3.877,4.604
3554300,Teodoro Sampaio,22173,2211.89,4,148,158,0.18,6.675,7.126
3554409,Terra Roxa,7904,2380.76,3,29,23,0.38,3.669,2.91
3554508,Tietê,37663,3005.89,30,274,75,0.797,7.275,1.991
3554607,Timburi,2464,1939.2,0,9,9,0,3.653,3.653
3554656,Torre de Pedra,2046,1911.08,0,13,8,0,6.354,3.91
3554706,Torrinha,9335,2381.59,3,51,43,0.321,5.463,4.606
3554755,Trabiju,1682,2019.57,1,6,9,0.595,3.567,5.351
3554805,Tremembé,51173,2893.03,45,256,153,0.879,5.003,2.99
3554904,Três Fronteiras,6804,2273.6,1,41,45,0.147,6.026,6.614
3554953,Tuiuti,6778,2158.15,4,49,39,0.59,7.229,5.754
3555000,Tupã,63928,2666.74,13,450,294,0.203,7.039,4.599
3555109,Tupi Paulista,15854,2747.93,1,42,73,0.063,2.649,4.605
3555208,Turiúba,1818,2402.95,0,10,8,0,5.501,4.4
3555307,Turmalina,1669,2264.69,0,10,8,0,5.992,4.793
3555356,Ubarana,5365,1961.53,0,39,42,0,7.269,7.829
3555406,Ubatuba,92981,2440.77,138,1628,548,1.484,17.509,5.894
3555505,Ubirajara,5132,2264.01,1,34,23,0.195,6.625,4.482
3555604,Uchoa,10394,2322.82,1,55,31,0.096,5.292,2.982
3555703,União Paulista,1603,2048.14,0,5,10,0,3.119,6.238
3555802,Urânia,8833,2391.24,3,53,42,0.34,6,4.755
3555901,Uru,1387,2090.23,0,5,6,0,3.605,4.326
3556008,Urupês,13744,2461.03,0,81,82,0,5.893,5.966
3556107,Valentim Gentil,14098,2370.26,1,62,70,0.071,4.398,4.965
3556206,Valinhos,126373,4829.64,124,942,432,0.981,7.454,3.418
3556305,Valparaíso,24241,2568.19,6,99,81,0.248,4.084,3.341
3556354,Vargem,10512,2329.57,7,68,34,0.666,6.469,3.234
3556404,Vargem Grande do Sul,40133,2325.07,19,293,174,0.473,7.301,4.336
3556453,Vargem Grande Paulista,50415,3451.77,78,372,171,1.547,7.379,3.392
3556503,Várzea Paulista,115771,2488.31,174,877,432,1.503,7.575,3.732
3556602,Vera Cruz,10176,2439.68,2,60,44,0.197,5.896,4.324
3556701,Vinhedo,76540,5030.62,69,649,254,0.901,8.479,3.319
3556800,Viradouro,17414,2284.17,8,81,80,0.459,4.651,4.594
3556909,Vista Alegre do Alto,8109,2266.78,3,20,16,0.37,2.466,1.973
3556958,Vitória Brasil,1794,2139.31,0,8,8,0,4.459,4.459
3557006,Votorantim,127923,3125.84,89,1008,382,0.696,7.88,2.986
3557105,Votuporanga,96634,2868.88,26,716,482,0.269,7.409,4.988
3557154,Zacarias,2692,2268.38,0,14,4,0,5.201,1.486
3557204,Chavantes,12211,2164.81,2,113,66,0.164,9.254,5.405
3557303,Estiva Gerbi,11295,2733.37,16,64,60,1.417,5.666,5.312
